"","CoV_WTDeer_OL855841","hCoV_BS001349","hCoV_ON078487","SARS-CoV2_NC_045512"
"CoV_WTDeer_OL855841",0,0.0019770072720329,0.00218209763975897,0.00119243856324504
"hCoV_BS001349",0.0019770072720329,0,0.00204527398139696,0.00105593366622467
"hCoV_ON078487",0.00218209763975897,0.00204527398139696,0,0.00132880586038017
"SARS-CoV2_NC_045512",0.00119243856324504,0.00105593366622467,0.00132880586038017,0
